--
-- PostgreSQL database dump
--

-- Dumped from database version 10.17 (Ubuntu 10.17-0ubuntu0.18.04.1)
-- Dumped by pg_dump version 10.17 (Ubuntu 10.17-0ubuntu0.18.04.1)

SET statement_timeout = 0;
SET lock_timeout = 0;
SET idle_in_transaction_session_timeout = 0;
SET client_encoding = 'UTF8';
SET standard_conforming_strings = on;
SELECT pg_catalog.set_config('search_path', '', false);
SET check_function_bodies = false;
SET xmloption = content;
SET client_min_messages = warning;
SET row_security = off;

--
-- Name: plpgsql; Type: EXTENSION; Schema: -; Owner: 
--

CREATE EXTENSION IF NOT EXISTS plpgsql WITH SCHEMA pg_catalog;


--
-- Name: EXTENSION plpgsql; Type: COMMENT; Schema: -; Owner: 
--

COMMENT ON EXTENSION plpgsql IS 'PL/pgSQL procedural language';


SET default_tablespace = '';

SET default_with_oids = false;

--
-- Name: categoria; Type: TABLE; Schema: public; Owner: postgres
--

CREATE TABLE public.categoria (
    id integer NOT NULL,
    nome character varying(255)
);


ALTER TABLE public.categoria OWNER TO postgres;

--
-- Name: categoria_id_seq; Type: SEQUENCE; Schema: public; Owner: postgres
--

ALTER TABLE public.categoria ALTER COLUMN id ADD GENERATED BY DEFAULT AS IDENTITY (
    SEQUENCE NAME public.categoria_id_seq
    START WITH 1
    INCREMENT BY 1
    NO MINVALUE
    NO MAXVALUE
    CACHE 1
);


--
-- Name: cidade; Type: TABLE; Schema: public; Owner: postgres
--

CREATE TABLE public.cidade (
    id integer NOT NULL,
    nome character varying(255),
    estado_id integer
);


ALTER TABLE public.cidade OWNER TO postgres;

--
-- Name: cidade_id_seq; Type: SEQUENCE; Schema: public; Owner: postgres
--

ALTER TABLE public.cidade ALTER COLUMN id ADD GENERATED BY DEFAULT AS IDENTITY (
    SEQUENCE NAME public.cidade_id_seq
    START WITH 1
    INCREMENT BY 1
    NO MINVALUE
    NO MAXVALUE
    CACHE 1
);


--
-- Name: cliente; Type: TABLE; Schema: public; Owner: postgres
--

CREATE TABLE public.cliente (
    id integer NOT NULL,
    cpf_ou_cnpj character varying(255),
    email character varying(255),
    nome character varying(255),
    tipo integer
);


ALTER TABLE public.cliente OWNER TO postgres;

--
-- Name: cliente_id_seq; Type: SEQUENCE; Schema: public; Owner: postgres
--

ALTER TABLE public.cliente ALTER COLUMN id ADD GENERATED BY DEFAULT AS IDENTITY (
    SEQUENCE NAME public.cliente_id_seq
    START WITH 1
    INCREMENT BY 1
    NO MINVALUE
    NO MAXVALUE
    CACHE 1
);


--
-- Name: endereco; Type: TABLE; Schema: public; Owner: postgres
--

CREATE TABLE public.endereco (
    id integer NOT NULL,
    bairro character varying(255),
    cep character varying(255),
    complemento character varying(255),
    logradouro character varying(255),
    numero character varying(255),
    id_cidade integer,
    id_cliente integer
);


ALTER TABLE public.endereco OWNER TO postgres;

--
-- Name: endereco_id_seq; Type: SEQUENCE; Schema: public; Owner: postgres
--

ALTER TABLE public.endereco ALTER COLUMN id ADD GENERATED BY DEFAULT AS IDENTITY (
    SEQUENCE NAME public.endereco_id_seq
    START WITH 1
    INCREMENT BY 1
    NO MINVALUE
    NO MAXVALUE
    CACHE 1
);


--
-- Name: estado; Type: TABLE; Schema: public; Owner: postgres
--

CREATE TABLE public.estado (
    id integer NOT NULL,
    nome character varying(255)
);


ALTER TABLE public.estado OWNER TO postgres;

--
-- Name: estado_id_seq; Type: SEQUENCE; Schema: public; Owner: postgres
--

ALTER TABLE public.estado ALTER COLUMN id ADD GENERATED BY DEFAULT AS IDENTITY (
    SEQUENCE NAME public.estado_id_seq
    START WITH 1
    INCREMENT BY 1
    NO MINVALUE
    NO MAXVALUE
    CACHE 1
);


--
-- Name: item_pedido; Type: TABLE; Schema: public; Owner: postgres
--

CREATE TABLE public.item_pedido (
    desconto double precision,
    preco double precision,
    quantidade integer,
    pedido_id integer NOT NULL,
    produto_id integer NOT NULL
);


ALTER TABLE public.item_pedido OWNER TO postgres;

--
-- Name: pagamento; Type: TABLE; Schema: public; Owner: postgres
--

CREATE TABLE public.pagamento (
    id integer NOT NULL,
    estado integer,
    pedido_id integer
);


ALTER TABLE public.pagamento OWNER TO postgres;

--
-- Name: pagamento_com_boleto; Type: TABLE; Schema: public; Owner: postgres
--

CREATE TABLE public.pagamento_com_boleto (
    data_pagamento date,
    data_vencimento date,
    id integer NOT NULL
);


ALTER TABLE public.pagamento_com_boleto OWNER TO postgres;

--
-- Name: pagamento_com_cartao; Type: TABLE; Schema: public; Owner: postgres
--

CREATE TABLE public.pagamento_com_cartao (
    numero_de_parcelas integer,
    id integer NOT NULL
);


ALTER TABLE public.pagamento_com_cartao OWNER TO postgres;

--
-- Name: pagamento_id_seq; Type: SEQUENCE; Schema: public; Owner: postgres
--

ALTER TABLE public.pagamento ALTER COLUMN id ADD GENERATED BY DEFAULT AS IDENTITY (
    SEQUENCE NAME public.pagamento_id_seq
    START WITH 1
    INCREMENT BY 1
    NO MINVALUE
    NO MAXVALUE
    CACHE 1
);


--
-- Name: pedido; Type: TABLE; Schema: public; Owner: postgres
--

CREATE TABLE public.pedido (
    id integer NOT NULL,
    instate timestamp without time zone,
    id_cliente integer,
    endereco_de_entrega integer
);


ALTER TABLE public.pedido OWNER TO postgres;

--
-- Name: pedido_id_seq; Type: SEQUENCE; Schema: public; Owner: postgres
--

ALTER TABLE public.pedido ALTER COLUMN id ADD GENERATED BY DEFAULT AS IDENTITY (
    SEQUENCE NAME public.pedido_id_seq
    START WITH 1
    INCREMENT BY 1
    NO MINVALUE
    NO MAXVALUE
    CACHE 1
);


--
-- Name: produto; Type: TABLE; Schema: public; Owner: postgres
--

CREATE TABLE public.produto (
    id integer NOT NULL,
    nome character varying(255),
    preco double precision
);


ALTER TABLE public.produto OWNER TO postgres;

--
-- Name: produto_categoria; Type: TABLE; Schema: public; Owner: postgres
--

CREATE TABLE public.produto_categoria (
    produto_id integer NOT NULL,
    categoria_id integer NOT NULL
);


ALTER TABLE public.produto_categoria OWNER TO postgres;

--
-- Name: produto_id_seq; Type: SEQUENCE; Schema: public; Owner: postgres
--

ALTER TABLE public.produto ALTER COLUMN id ADD GENERATED BY DEFAULT AS IDENTITY (
    SEQUENCE NAME public.produto_id_seq
    START WITH 1
    INCREMENT BY 1
    NO MINVALUE
    NO MAXVALUE
    CACHE 1
);


--
-- Name: telefone; Type: TABLE; Schema: public; Owner: postgres
--

CREATE TABLE public.telefone (
    cliente_id integer NOT NULL,
    telefones character varying(255)
);


ALTER TABLE public.telefone OWNER TO postgres;

--
-- Data for Name: categoria; Type: TABLE DATA; Schema: public; Owner: postgres
--

COPY public.categoria (id, nome) FROM stdin;
1	Informática
2	Escritório
3	Perfumaria
4	Drogaria
5	Farmacia
6	Cama, mesa e banho
7	Brinquedos
8	Esporte
9	Animais
10	Alimentos
11	Bebidas
12	Chocolate
13	Fotografia
14	Música
\.


--
-- Data for Name: cidade; Type: TABLE DATA; Schema: public; Owner: postgres
--

COPY public.cidade (id, nome, estado_id) FROM stdin;
1	Uberlândia	1
2	São Paulo	2
3	Campinas	2
\.


--
-- Data for Name: cliente; Type: TABLE DATA; Schema: public; Owner: postgres
--

COPY public.cliente (id, cpf_ou_cnpj, email, nome, tipo) FROM stdin;
1	583.315.950-41	maria@gmail.com	Maria Silva	1
\.


--
-- Data for Name: endereco; Type: TABLE DATA; Schema: public; Owner: postgres
--

COPY public.endereco (id, bairro, cep, complemento, logradouro, numero, id_cidade, id_cliente) FROM stdin;
1	Jardim	38220834	Apto 203	Rua das flores	300	1	1
2	Centro	38777012	Sala 800	Avenida Matos	105	2	1
\.


--
-- Data for Name: estado; Type: TABLE DATA; Schema: public; Owner: postgres
--

COPY public.estado (id, nome) FROM stdin;
1	Minas Gerais
2	São Paulos
\.


--
-- Data for Name: item_pedido; Type: TABLE DATA; Schema: public; Owner: postgres
--

COPY public.item_pedido (desconto, preco, quantidade, pedido_id, produto_id) FROM stdin;
0	2000	1	1	1
0	80	2	1	3
100	800	1	2	2
\.


--
-- Data for Name: pagamento; Type: TABLE DATA; Schema: public; Owner: postgres
--

COPY public.pagamento (id, estado, pedido_id) FROM stdin;
1	1	1
2	0	2
\.


--
-- Data for Name: pagamento_com_boleto; Type: TABLE DATA; Schema: public; Owner: postgres
--

COPY public.pagamento_com_boleto (data_pagamento, data_vencimento, id) FROM stdin;
\N	2017-09-20	2
\.


--
-- Data for Name: pagamento_com_cartao; Type: TABLE DATA; Schema: public; Owner: postgres
--

COPY public.pagamento_com_cartao (numero_de_parcelas, id) FROM stdin;
6	1
\.


--
-- Data for Name: pedido; Type: TABLE DATA; Schema: public; Owner: postgres
--

COPY public.pedido (id, instate, id_cliente, endereco_de_entrega) FROM stdin;
1	2017-09-03 10:32:00	1	1
2	2017-10-10 19:35:00	1	2
\.


--
-- Data for Name: produto; Type: TABLE DATA; Schema: public; Owner: postgres
--

COPY public.produto (id, nome, preco) FROM stdin;
1	Computador	2000
2	Impressora	800
3	Mouse	80
4	Dipirona	2.89999999999999991
5	Suco de Laranja	9
6	Suco de Manga	9
7	Ração cachorro	20
8	Ração de cavalo	120
9	Pente tira piolho	6
10	Violino	120
11	Violão	80
12	Flauta	30
\.


--
-- Data for Name: produto_categoria; Type: TABLE DATA; Schema: public; Owner: postgres
--

COPY public.produto_categoria (produto_id, categoria_id) FROM stdin;
1	1
1	2
2	1
2	2
3	2
4	5
5	11
6	11
7	9
8	9
9	9
10	14
11	14
12	14
\.


--
-- Data for Name: telefone; Type: TABLE DATA; Schema: public; Owner: postgres
--

COPY public.telefone (cliente_id, telefones) FROM stdin;
1	(21) 982123-92812
1	(21) 938392-0932
\.


--
-- Name: categoria_id_seq; Type: SEQUENCE SET; Schema: public; Owner: postgres
--

SELECT pg_catalog.setval('public.categoria_id_seq', 14, true);


--
-- Name: cidade_id_seq; Type: SEQUENCE SET; Schema: public; Owner: postgres
--

SELECT pg_catalog.setval('public.cidade_id_seq', 3, true);


--
-- Name: cliente_id_seq; Type: SEQUENCE SET; Schema: public; Owner: postgres
--

SELECT pg_catalog.setval('public.cliente_id_seq', 1, true);


--
-- Name: endereco_id_seq; Type: SEQUENCE SET; Schema: public; Owner: postgres
--

SELECT pg_catalog.setval('public.endereco_id_seq', 2, true);


--
-- Name: estado_id_seq; Type: SEQUENCE SET; Schema: public; Owner: postgres
--

SELECT pg_catalog.setval('public.estado_id_seq', 2, true);


--
-- Name: pagamento_id_seq; Type: SEQUENCE SET; Schema: public; Owner: postgres
--

SELECT pg_catalog.setval('public.pagamento_id_seq', 2, true);


--
-- Name: pedido_id_seq; Type: SEQUENCE SET; Schema: public; Owner: postgres
--

SELECT pg_catalog.setval('public.pedido_id_seq', 2, true);


--
-- Name: produto_id_seq; Type: SEQUENCE SET; Schema: public; Owner: postgres
--

SELECT pg_catalog.setval('public.produto_id_seq', 12, true);


--
-- Name: categoria categoria_pkey; Type: CONSTRAINT; Schema: public; Owner: postgres
--

ALTER TABLE ONLY public.categoria
    ADD CONSTRAINT categoria_pkey PRIMARY KEY (id);


--
-- Name: cidade cidade_pkey; Type: CONSTRAINT; Schema: public; Owner: postgres
--

ALTER TABLE ONLY public.cidade
    ADD CONSTRAINT cidade_pkey PRIMARY KEY (id);


--
-- Name: cliente cliente_pkey; Type: CONSTRAINT; Schema: public; Owner: postgres
--

ALTER TABLE ONLY public.cliente
    ADD CONSTRAINT cliente_pkey PRIMARY KEY (id);


--
-- Name: endereco endereco_pkey; Type: CONSTRAINT; Schema: public; Owner: postgres
--

ALTER TABLE ONLY public.endereco
    ADD CONSTRAINT endereco_pkey PRIMARY KEY (id);


--
-- Name: estado estado_pkey; Type: CONSTRAINT; Schema: public; Owner: postgres
--

ALTER TABLE ONLY public.estado
    ADD CONSTRAINT estado_pkey PRIMARY KEY (id);


--
-- Name: item_pedido item_pedido_pkey; Type: CONSTRAINT; Schema: public; Owner: postgres
--

ALTER TABLE ONLY public.item_pedido
    ADD CONSTRAINT item_pedido_pkey PRIMARY KEY (pedido_id, produto_id);


--
-- Name: pagamento_com_boleto pagamento_com_boleto_pkey; Type: CONSTRAINT; Schema: public; Owner: postgres
--

ALTER TABLE ONLY public.pagamento_com_boleto
    ADD CONSTRAINT pagamento_com_boleto_pkey PRIMARY KEY (id);


--
-- Name: pagamento_com_cartao pagamento_com_cartao_pkey; Type: CONSTRAINT; Schema: public; Owner: postgres
--

ALTER TABLE ONLY public.pagamento_com_cartao
    ADD CONSTRAINT pagamento_com_cartao_pkey PRIMARY KEY (id);


--
-- Name: pagamento pagamento_pkey; Type: CONSTRAINT; Schema: public; Owner: postgres
--

ALTER TABLE ONLY public.pagamento
    ADD CONSTRAINT pagamento_pkey PRIMARY KEY (id);


--
-- Name: pedido pedido_pkey; Type: CONSTRAINT; Schema: public; Owner: postgres
--

ALTER TABLE ONLY public.pedido
    ADD CONSTRAINT pedido_pkey PRIMARY KEY (id);


--
-- Name: produto produto_pkey; Type: CONSTRAINT; Schema: public; Owner: postgres
--

ALTER TABLE ONLY public.produto
    ADD CONSTRAINT produto_pkey PRIMARY KEY (id);


--
-- Name: produto_categoria fk1c0y58d3n6x3m6euv2j3h64vt; Type: FK CONSTRAINT; Schema: public; Owner: postgres
--

ALTER TABLE ONLY public.produto_categoria
    ADD CONSTRAINT fk1c0y58d3n6x3m6euv2j3h64vt FOREIGN KEY (produto_id) REFERENCES public.produto(id);


--
-- Name: item_pedido fk60ym08cfoysa17wrn1swyiuda; Type: FK CONSTRAINT; Schema: public; Owner: postgres
--

ALTER TABLE ONLY public.item_pedido
    ADD CONSTRAINT fk60ym08cfoysa17wrn1swyiuda FOREIGN KEY (pedido_id) REFERENCES public.pedido(id);


--
-- Name: pagamento_com_boleto fk65otqnrb2ef6mb79w51ivb6xa; Type: FK CONSTRAINT; Schema: public; Owner: postgres
--

ALTER TABLE ONLY public.pagamento_com_boleto
    ADD CONSTRAINT fk65otqnrb2ef6mb79w51ivb6xa FOREIGN KEY (id) REFERENCES public.pagamento(id);


--
-- Name: telefone fk8aafha0njkoyoe3kvrwsy3g8u; Type: FK CONSTRAINT; Schema: public; Owner: postgres
--

ALTER TABLE ONLY public.telefone
    ADD CONSTRAINT fk8aafha0njkoyoe3kvrwsy3g8u FOREIGN KEY (cliente_id) REFERENCES public.cliente(id);


--
-- Name: pedido fk9y4jnyp1hxqa386cnly0ay9uw; Type: FK CONSTRAINT; Schema: public; Owner: postgres
--

ALTER TABLE ONLY public.pedido
    ADD CONSTRAINT fk9y4jnyp1hxqa386cnly0ay9uw FOREIGN KEY (id_cliente) REFERENCES public.cliente(id);


--
-- Name: pedido fkd271f3cjbcknq6hd1v1cauxe3; Type: FK CONSTRAINT; Schema: public; Owner: postgres
--

ALTER TABLE ONLY public.pedido
    ADD CONSTRAINT fkd271f3cjbcknq6hd1v1cauxe3 FOREIGN KEY (endereco_de_entrega) REFERENCES public.endereco(id);


--
-- Name: endereco fke4y3uftwnlua4wuwisldhnjl4; Type: FK CONSTRAINT; Schema: public; Owner: postgres
--

ALTER TABLE ONLY public.endereco
    ADD CONSTRAINT fke4y3uftwnlua4wuwisldhnjl4 FOREIGN KEY (id_cliente) REFERENCES public.cliente(id);


--
-- Name: endereco fkhu4avfrkfp65jedddkxe70r9a; Type: FK CONSTRAINT; Schema: public; Owner: postgres
--

ALTER TABLE ONLY public.endereco
    ADD CONSTRAINT fkhu4avfrkfp65jedddkxe70r9a FOREIGN KEY (id_cidade) REFERENCES public.cidade(id);


--
-- Name: cidade fkkworrwk40xj58kevvh3evi500; Type: FK CONSTRAINT; Schema: public; Owner: postgres
--

ALTER TABLE ONLY public.cidade
    ADD CONSTRAINT fkkworrwk40xj58kevvh3evi500 FOREIGN KEY (estado_id) REFERENCES public.estado(id);


--
-- Name: pagamento_com_cartao fklf1a361iwihvb2f1kp7n850tv; Type: FK CONSTRAINT; Schema: public; Owner: postgres
--

ALTER TABLE ONLY public.pagamento_com_cartao
    ADD CONSTRAINT fklf1a361iwihvb2f1kp7n850tv FOREIGN KEY (id) REFERENCES public.pagamento(id);


--
-- Name: produto_categoria fkq3g33tp7xk2juh53fbw6y4y57; Type: FK CONSTRAINT; Schema: public; Owner: postgres
--

ALTER TABLE ONLY public.produto_categoria
    ADD CONSTRAINT fkq3g33tp7xk2juh53fbw6y4y57 FOREIGN KEY (categoria_id) REFERENCES public.categoria(id);


--
-- Name: pagamento fkthad9tkw4188hb3qo1lm5ueb0; Type: FK CONSTRAINT; Schema: public; Owner: postgres
--

ALTER TABLE ONLY public.pagamento
    ADD CONSTRAINT fkthad9tkw4188hb3qo1lm5ueb0 FOREIGN KEY (pedido_id) REFERENCES public.pedido(id);


--
-- Name: item_pedido fktk55mn6d6bvl5h0no5uagi3sf; Type: FK CONSTRAINT; Schema: public; Owner: postgres
--

ALTER TABLE ONLY public.item_pedido
    ADD CONSTRAINT fktk55mn6d6bvl5h0no5uagi3sf FOREIGN KEY (produto_id) REFERENCES public.produto(id);


--
-- PostgreSQL database dump complete
--

